id,0,1,2,sentiment
10,Kendallglows me too love u,ğŸ˜Ÿ ğŸ˜£,-6,positive
36,6YearsOfOneDirection 6yearsof1D  I CANT EVEN 6 YEARS I LOVE YOU GUYS SO MUCH AND I MISS YOU GUYS AND I NEED YOU GUYS TO COME BACK,ğŸ˜­,-4,positive
38,Love ranveersingh to the core  httpstcodIvO89DNIs,ğŸ˜š,3,positive
42,ShannonJohal thanks my love miss youX,ğŸ˜˜,4,positive
60,ForzaPapac what was in the wee bag  no wonder youre fulla love,ğŸ˜‚,4,positive
62,RT Chymamusique I love people who love music Easier to get along with coz damn Im such an addict,ğŸ˜ˆ,-4,positive
65,RT Koash_ kassandrabeth aw I love you baby Kas,ï¸,0,positive
67,RT FemaleTexts I love this  httpstcoPtrhyiRzDj,ğŸ˜‚,4,positive
78,RT CaseyMoreta love you all,ï¸,0,positive
89,katyperry I love you whore,ğŸ˜Š,3,positive
91,RT LanaParrilla Go get em tonight 45_Spacer Youre gonna rock the TheWhiskyAGoGo Im there in spirit Love you boys,ï¸,0,positive
94,RT kayyreddingg I just love it when no one responds  1010 recommend for anyone in a boy dilemma,ï¸ â˜º,0,positive
101,I like sushi  I love it,ï¸ ğŸ˜©,-2,positive
102,How can you say you love me but hurt me like that,ğŸ˜°,-2,positive
111,358,ï¸,0,positive
124,EmSlough I would love to have one,ï¸ â˜º,0,positive
128,RT Vtsoppa BTS_twt Ive made a video for Bangtans Anniv Happy 3rd AnniversaryBangtan  I love you  httpstcopn8FlWHIMI,ğŸ˜­ ğŸ˜‘  ğŸ˜˜,0,positive
132,RT jisy06 I love how supportive and encouraging Stephen and Emily are about Olicity and the shippers Theyre the best  httpstco,ï¸,0,positive
145,RT xX_Duryonnaaaaa  I love my boyfriend w everything in me  no one understand not even him,ï¸ ğŸ˜©,-2,positive
170,I love having that one person you can send ugly snaps too,ğŸ˜ˆ,-4,positive
183,RT SoDamnTrue Michelle Obama James Corden and Missy Elliot  I love this httpstcos1u1dxaAfI,ğŸ˜‚,4,positive
197,RT AmruthaDolly MamtaYPatnaik ROFL   I love Atharv  ViTharv JNDSD StarPlus vikram_the_Leo,ğŸ˜‚ â˜º,4,positive
212,RT HunterRowland That broke my heart guys I never want to see that again If you guys arent happy I can never be  Im gonna get some,ğŸ˜”,-1,positive
242,I love seeing girls with nice makeup its like an obsession  like yass bitch slay,ğŸ˜,4,positive
280,RT KianLawley i wanted 2 share this special moment w u guys my mom said this made her cry  happy bday mama love u to pieces  https,ï¸ ğŸ˜‘ ğŸ˜‚ ğŸ˜¢,2,positive
286,RT Jeep_Porn Love this rig by Jr Marco  httpstcoGL1H8vU1Iy,ğŸ˜,1,positive
287,I love drugs,ğŸ˜‚ ğŸ˜,8,positive
295,RT Saakshi23x What happened to you nikifyinglife Please take care and get well soon bub  Love you,ğŸ˜© ğŸ˜­,-6,positive
309,RT DREAMER_PRAGATI KarNish looking fabGn my love KarNish sdTcSleepwell tons of loven blessings nisharawal _KaranMehra  h,ğŸ˜˜ ï¸ ğŸ˜‡,8,positive
316,I TEARED UP I LOVE THEM ALL SO MUCH httpstcoNIbMuw5UPE,ğŸ˜¢,-2,positive
317,RT fayak_m HAPPY 18th MINI Thank you for being my best friend amp always having my back I love you so much httpstcoqqgiSZmEa5,ğŸ˜ ğŸ˜­,0,positive
322,love weekends when babe can sleep in and not leave me in the mornings,ğŸ˜´,0,positive
324,This can NOT be  I still love My King even though his poor decision HunterRowland supporter forever babe httpstcoWnEVTZMCmD,ï¸ â˜º ğŸ˜­ ğŸ˜‘ ğŸ˜‚ ğŸ˜’,-2,positive
328,onedirection i love,ğŸ˜,4,positive
330,RT Dory I love this  httpstcow6yK8AcrNL,ğŸ˜‚,4,positive
341,You dont just take love you have to earn it  gn,ğŸ˜˜  ï¸,4,positive
354,ohh_heyybee awe happy birthday B hope u have a good one stay cute love ya,ğŸ˜Š,3,positive
359,sphbennett happy bday Love u See you laterzzzx  httpstcobgqbn1pzj8,ï¸,0,positive
373,I love that freaky shit,ğŸ˜œ ğŸ˜Š ğŸ˜‰,6,positive
385,SO to My Girlfriend for having my back no matter what I got much love for tha kid  TORACE_,ğŸ˜,4,positive
390,craig_erickson_ Thank you so much I love you,ï¸ â˜º,0,positive
399,RT iliannatijerina marlena1027 NO WAY MARLENA I LOVE YOU SO MUCH OML,ï¸ ğŸ˜© ğŸ˜­,-6,positive
414,RT ItsMarvinManee_ Love it wen my room is cold gonna sleep gooood,ğŸ˜,4,positive
416,Love my mutt more than anything httpstcoskskGNAdNQ,ï¸,0,positive
422,RT Herb_god_Kim First thing Jaime said tonight was well you smell nice  instead of Hey Kim I missed ya lmao still got much love fo,ğŸ˜‚,4,positive
446,BestMusicVideo Ive ever seen  httpstco4u1AcshovH,ğŸ˜‘,0,positive
452,_Anodrac love of my life,ğŸ˜,4,positive
470,Thank you Hannah I am incredibly lucky to have grown up with you too Much love to youampIll always have your back httpstcoeBKgsTtcFZ,ï¸ â˜º ğŸ˜‘,0,positive
473,Waking up in the middle of the night and seeing the one you love is without a doubt the best feeling,ï¸,0,positive
492,RT dedicatedtolea ok but we love you JohnStamos SDCC2016 SDCC  httpstconWJYgjqdSY,ğŸ˜‚,4,positive
498,Happy 8 months my love  httpstcozD5LGvvkgp,ï¸,0,positive
507,6YearsOfOneDirection  httpstcouafVBryd89,ï¸,0,positive
512,love daxie wienerwaller dauschund morning cry sausage httpstcoiY6unaA8Mb,ï¸,0,positive
516,Aww i love you bae  httpstcoPjlFnwPMAR,ğŸ˜­,-4,positive
518,RT sebroche So heartbroken about the Munich shootings all my love to you Germany  httpstco8xLBCWidwt,ğŸ˜¢ ï¸,-2,positive
523,queer_narcissus I love you so much for this,ğŸ˜‚,4,positive
538,Youre the first person Ive seen do Young Justice style and Im in love  httpstcoI3UBiTgFsz,ğŸ˜  ğŸ˜­,0,positive
540,RT PoizynAssassin Call me crazy but I think I found the love of my life,ï¸,0,positive
541,RT SCREWHEAD_27 I love you so much Im crying tears of joy  Sonic25th Sonic2017 sonic_hedgehog httpstcobkC8IMaDNB,ğŸ˜‚  ğŸ˜­,0,positive
546,RT bbmeegg forget the boy amp the pictures i just want my makeup to last through my sleep like this  httpstcos817Tidgke,ğŸ˜©,-2,neutral
556,RT RickyPDillon HAPPY BIRTHDAY SELENAGOMEZ I love you so much Thanks for being such a positive bright light in this world  httpst,ï¸,0,positive
562,To my first ever idols happy 6th anniversary I love you boys so much  6yearsof1D,ï¸ ğŸ˜­,-4,positive
569,RT Ilikebands12 This is why I love Ashton AshtonIsTheWisdomKing    httpstcoFp8j9xzqAL,ï¸,0,positive
591,SAMEEEEE  httpstcofXJ5ntXDgB,ğŸ˜‹,4,positive
610,RT sehunsqueen my stupid but precious little babies omfg i love this vcr so much  httpstcoHa697YfqM9,ğŸ˜˜ ğŸ˜­,0,positive
611,RT _jayysterrr I love other pretty females like yassss boo slay  we can slaughter shit together lol,ğŸ˜,4,positive
616,RT ltsKardashians Im in love with Kendall Jenner  httpstcoIgJ6QJv6n6,ğŸ˜»,4,positive
619,cause you were Born This Way Baby Lady Gaga  Born This Way,ğŸ˜‘,0,positive
622,I dont want no scrub  a scrub is a guy who cant get no love from me,ğŸ˜Œ,3,positive
637,Me everyday httpstcoFPCHRGgTTP,ğŸ˜,4,positive
648, httpstcoVCoB7Wa9Nq,ï¸,0,positive
655,Waffle Ice cream is love   Sunday Folks httpstcoQs6ANbhIZR,ï¸,0,positive
660,Greatly appreciated  Love you al  ht,ğŸ˜˜,4,positive
663,In the Blinds sequel Time Would Envy Us is even more emo  their eternal love is just ahdbabxba,ğŸ˜­,-4,positive
665,RT reverseflcsh He so in love with her  like that time he threw her out a window shot her threw her in a chemical bath goals  http,ğŸ˜,4,positive
673,Omg Ill speak to you I love and miss youuu,ğŸ˜,4,positive
675,I worked on that drawing for about 9 hours omg Im so tired ok goodnight everyone ily all and I LOVE MY BABY BOO MARK,ï¸,0,positive
678,its_brendaaa I love you so much  thank you,ğŸ˜˜ ï¸ ğŸ˜­,0,positive
680,How I love to think of yoga  httpstcoDoFEUdKnOK,ğŸ˜Š ï¸,3,positive
687,RT TheRevivaITour So beautiful  httpstcoLnkGbrdEGy,ï¸ â˜º,0,positive
689,im in love with the moneyyyy yeah yeah,ğŸ˜,4,positive
698,realtimrozon laynemorgan KatBarrell Syfy  Epic Love seeing the cast are having fun amp sharing it with us earpers,ğŸ˜‚,4,positive
706,thanks peanut butter  we in this for the long way httpstcoyTHm6AHcJv,ğŸ˜­,-4,positive
709,Lesdoggg we love you girl DaceampAldo,ğŸ˜‰ ğŸ˜,8,positive
719,RT makeupidoI Love her make up  httpstcoJY94IZSkHN,ğŸ˜»,4,positive
720,Adele puts up the bird httpstcoYwUQxBV4ZR,ğŸ˜‚,4,positive
724,For everyone who needs it httpstcomp4j944kAh,ï¸ â˜º,0,positive
732,ALDUBSuperMA httpstcoI7U5bLsxst,ğŸ˜,4,positive
740,Someone like this please  when can I get someone like this  httpstco4ixcxKnA4l,ğŸ˜ª,0,neutral
746,I love Les cakes mare price ha e khuphuke now cause o tlhagella mo TV,ğŸ˜­,-4,positive
747,RT Meghan_Trainor Get ready Vegas WE HERE love my girls kelseypannullo iamdanileigh ashleycinqmars httpstcoQd2Wf3xIbR,ï¸,0,positive
751,I am so happy they accomplished so so much I am so so proud to be a directioner I will love you forever forever httpstcoBUrkKCXTS4,ï¸,0,positive
769,RT Janelleeee__ I love being with my baby,ğŸ˜ ï¸,4,positive
776,RT zorzorrr Its my boiiiiiz bday today yall aint she a sexy fuck I LOVE YOU HAPPY BDAY NOT A REAL MEXICAN  KateHagerty httpstco,ğŸ™€,-4,positive
793,RT MoBootyful amp you doin it wellll  httpstcoEXKXxqgrk5,ğŸ˜,4,neutral
796,RT MarriageGoaIs Husband says final goodbye to his dying wife This is real love  httpstco5WBTbGoNUO,ğŸ˜ ï¸,4,positive
810, THESE ARE THE BEST MAN I LOVE THEM BIEN RICOS  httpstcolt0ruVyD0N,ğŸ˜©,-2,positive
811,RT olasings Yep Puppy Love is always needed  love puppy lifeisgood httpstcod5sXCM9B3Z,ğŸ˜,4,positive
819,ALDUBSuperMA httpst,ğŸ˜,4,positive
825,RT ShortyMacShort_ I remember the day we first met and now every day after that has been special thanks to you I love you forever  h,ï¸,0,positive
826,RT Trapzilla666 Congratulations httpstco9hl0Wn9g0I,ğŸ˜€,3,positive
839,Foxy ugly as hell  I love this song  httpstcooX5me8Loke,ğŸ˜‚,4,positive
854,RT danniboysixpack All love httpstcoUNiWF9RerN,ï¸,0,positive
865,bushcourtney1 Courtney  you have been one of my biggest supporters  I love and miss you so much Lunch soon,ğŸ˜» ğŸ˜©,2,positive
886,RT heavsm Happy birthday to my big sister Such a beautiful soul Im so lucky to be close to Love you more than words  httpstc,ï¸,0,positive
897,I shaved my legs and now Im complete I love feeling baby smooth skin,ğŸ˜Œ,3,positive
898,CourtneySanta maybe we treat people with the same kind of love we grew up around I love that line,ï¸ â˜º,0,positive
907,RT GalGadot So honored to be on the cover    EW Thank you for all the love amp support  httpstco3BiohJPPMs httpstcoh1JkB,ï¸ â˜º,0,positive
937,RT GomezSource Sending our love to Germany,ï¸,0,positive
967,RT mynameutty 160722 Artificial love  ë°±í˜„ focus Addicted w his body wave and the hip trust  httpstcotPx6wNkszm,ğŸ˜,4,positive
989,360,ï¸,0,positive
992,RT mfabian45 Happy 18th birthday to my lil flower  youre a great singer I love you httpstcolPwLXTlRje,ğŸ˜ ğŸ˜‚,8,positive
993,RT omgeeangie_ CitlaliMancilla thanks sissy so much love 4 u beautiful,ğŸ˜­,-4,positive
1001,RT rvirgo9 sofitindia TheJohnAbraham DishoomWithSOFIT I love to drink SOFIT anytime anywhere  httpstco0wNPjSd1zf,ğŸ˜Š,3,positive
1008,baeeee I love your goofy ass omg  but you wont Twitter beef with me like why ForeignLucciani,ğŸ˜¥ ğŸ˜‘  ğŸ˜˜ ğŸ˜‚,7,positive
1023,Love my team so so much httpstcoTh3qrQUOIf,ï¸,0,positive
1026,RT lustrelux What kind of sorcery is this  httpstco5ePmVvQNtN,ğŸ˜© ğŸ˜­,-6,neutral
1057,6YearsOfOneDirection httpstcokXa9a087Un,ğŸ˜Š,3,positive
1060,random appreciation post to my best friend through it allhonestly dont know what Id do wo youlove you so much httpstcoYy0H8gLVVE,ï¸,0,positive
1070,By the way your little hair flicks are killing me I LOVE your short hair LanaParrilla,ï¸,0,positive
1075,ValerianMovie Caradelevingne https,ğŸ¤—,4,positive
1111,RT ThirtySecComedy I love the Internet  httpstcoQdtzTXNl3w,ğŸ˜‚,4,positive
1113,RT IfrahBasheer happy birthday to the sweetest girl I know Haylee_wilson_  thanks for the late night froyo runs and early morning CF,ï¸,0,positive
1118,Happy birthday to this savage love you mom httpstcoHgKuG1ccXT,ï¸,0,positive
1122,Love her sm and gonna miss her sm hopefully you smile when you see this in the morning when u wake up love you  httpstco7vw54kVIN5,ï¸,0,positive
1126,6YearsOfOneDirection httpstco2TaYSxJRaY,ğŸ˜­,-4,positive
1143,When you know that guys couldnt came backonedirection Real_Liam_Payne 6yearsof1D  httpstcoh5XtZYh3BO,ğŸ˜©,-2,neutral
1145,RT RedBone9922 I love babys,ğŸ˜,4,positive
1148,RT MollyBracken Love how laura__lily styled her mollybracken top  fashionista summerstyle ootd summer fashion style httpst,ğŸ˜‹,4,positive
1177,Goodnight mikeybarone I love you so much Pls read my DMS,ï¸,0,positive
1178,Mani love green apples,ğŸ˜‹,4,positive
1184,RT CassidiMalloy I just need a blunt and my love,ï¸,0,positive
1201,RT SocialMediaTodd Well At least its not page 3  Im in The Sun with spaghetti_jo TwitterLove Love httpstcolxcpdplvRQ,ğŸ˜‚,4,positive
1206,I love men  like everything about them is just so attractive,ğŸ˜ ğŸ˜©,2,positive
1230,nothingmorenothinglessja forever httpstcoRGfAXPXIIH,ï¸,0,positive
1233,HAPPY BIRTHDAY  to the LOML    I love you httpstcop4NnWHUMuV,ï¸,0,positive
1244,RT ukissednanaa I love getting paid,ğŸ˜›,1,positive
1254,Happy birthday to my best missbryanalew Love you bihhh  httpstcodks38RELLN,ï¸,0,positive
1262,RT lick_mypics Im not a hater I LOVE pretty girls like Yesss lets be pretty together,ï¸ â˜º ğŸ˜‘  ğŸ˜‹,4,positive
1264,mfs blew dey lil chances wit me Im good now  Idaf bitch now run to somebody else dat u got love for,ğŸ˜,3,positive
1271,RT marisaxxromita stephmatheu thank you  love u more,ï¸,0,positive
1292,happy birthday to my bff love u lexidilla lexiparra_ httpstcogUIZf0UX4D,ï¸,0,positive
1312,OMG especially when you have dangruff really bad like me  httpstcoiumQsEoBiZ,ğŸ˜©,-2,negative
1314,k3nzielauren thank you Kenz See you soon lots of love xxx,ï¸,0,positive
1316,RT DontDoItJay Happy Birthday to my main man since the age of 5 All love fool have a good one  Angel_99_23,ï¸,0,positive
1324,6YearsOfOneDirection httpstcoNn7JoQhyvZ,ï¸,0,positive
1331,RT fijilexii bae is doing a pretty good job so far  httpstcotIvRQ4LqVN,ğŸ˜ ï¸,3,positive
1337,Shah_Anjie I know you love me too  So Love you My Sweet Heart Anjii,ğŸ˜¢ ğŸ˜ ğŸ˜­,-2,positive
1343,Srsly they all so cute  https,ğŸ˜Š  ğŸ˜,2,positive
1353,RT exokiss88 Sehuns rap for ê°™ì´í•´ is amazing  I love this song  Thank you  Sehuns rap His lips moving soooo fast Love it  https,ğŸ˜,4,positive
1358,I love the way my dads wife hates me youhatemecauseyouaintme,ğŸ˜‚,4,positive
1362,the_mqp I love u,ğŸ˜˜,4,positive
1369,The BGM tho  httpstcovBfLjYtLVT,ğŸ˜‚,4,positive
1371,fayak_m I love you so much thank you,ï¸ ğŸ˜­,-4,positive
1372,accurate af  Im cool with it tho httpstcorfAPua4tKW,ğŸ˜‚,4,positive
1381,lijeeby thanks Libby love you lots,ğŸ˜˜ ğŸ˜Š,7,positive
1392,Bitches love tryingto be funny but never wanna get touched,ï¸ ğŸ˜­,-4,positive
1393,RT 07anahilopez Happy birthday Abril I love you so much  now its time for you to get out the house  ayebral,ï¸ ğŸ˜‘  ğŸ˜‚ ğŸ˜‰,8,positive
1395,ajsg Good morning Twiend I love the sound when you click my tweets A sunny cloudy picture for you  httpstcoGXtOC9YmAs,â˜º,0,positive
1396,RT simplynessa15 OMG LOVE THEIR SONGS AIRPLANES AND JET BLACK HEART  httpstco54nxKam2Cf,ğŸ˜»,4,positive
1404,callmejaay___  Dont I say this alllll the time we blaze a new person up bruh  httpstcoByc1q3QrSx,ğŸ˜‚,4,neutral
1417,I love 1D tho lol just annoyed at most of you,ğŸ˜‚,4,positive
1431,ALDUBSuperMA,ğŸ˜˜,4,positive
1439,Welcome 600 Followers love you all,ğŸ˜˜,4,positive
1442,RT SZGN1978  happy Friday amp weekend for all friends  stay in peace and love  httpstcoH04ihrSSla,â˜º ğŸ˜‡,4,positive
1458,RT mixersUnitePH A LittleMix amp ArianaGrande collab should happen  it would be epic  MTVHottest Little Mix httpstco0rKTcc56mE,ï¸,0,neutral
1476,typical_lizz THANK YOU LIZZ  I LOVE YOU TOO BOOBOO,ğŸ˜ ï¸ ğŸ˜­ ğŸ˜‘ ğŸ˜˜ ğŸ˜©,2,positive
1477,RT rrekha1000 Gurmeetramrahim welfareAimofMSG ji pita ji thanks for everything my lord love u sooooo much Dr Papa,ğŸ˜Š,3,positive
1479,RT ChiefGorgeous Im the most craziest love able over emotional friend youll ever have,ğŸ˜‚,4,positive
1480,RT LifeOfDeedy awwwww the little love birdszionnnn9 iimkayla_ httpstco4U5sy8kYvN,ğŸ˜,4,positive
1482,Hahaha goshhhh he would come too in 25 seconds  httpstcosbj5h0hBz6,ğŸ˜‚,4,neutral
1488,RT julissar28 Happy 6YearsOfOneDirection  you boys are the love of my life Youve done nothing but put a smile on my face ily https,ğŸ˜  ï¸,4,positive
1490,RT Elverojaguar  Wishing you all a Caturday full of Love amp Peace Kitten World  httpstcoOPNt7rSf7C,ğŸ˜º,3,positive
1491,Happy birthday to my girl  I love you Mija Big 18 emxnie,ğŸ˜œ ğŸ˜˜ ï¸,3,positive
1492,not sure what prompted this but  httpstcofNjMe2za0e,ğŸ˜Œ,3,positive
1493,RT ChiIlDates I love her  httpstcoDje526UqG1,ğŸ˜‚ ğŸ˜©,2,positive
1494,RT DestineyL__ Cancer will not win  my mommy is a fighter a strong one at that I love you so much pooh keep fighting  httpstcoI,ğŸ˜˜ ï¸,4,positive
1500,RT girlposts I LOVE THIS   httpstcoyr6DYCBVtE,ğŸ˜‚ ğŸ˜­,0,positive
1503,I Love guys Follow me,ğŸ˜­,-4,positive
1507,WelfareAimOfMSG httpstcoIKutM0Qa,ğŸ˜˜ ğŸ˜,8,positive
1513,CALIFORNIA,ï¸,0,positive
1518,RT Ruqayyatou__ Happiest birthday Yaya fadeeeeel I love you dayawa Mss_Incredible httpstco1S3h7GLK7i,ï¸,0,positive
1528,Irina_Vukolova  Come on My love Come on NOW So finally we get married,ğŸ˜˜ ğŸ˜ƒ,7,positive
1531,pepperjackiee its all out of love,ğŸ˜‚,4,positive
1534,RT johnny_avitia this is so dope i love my people  httpstcoqtEQOwTLqe,ğŸ˜­,-4,positive
1553,i just want to say that i fucking love one direction so much happy 6yearsof1D,ï¸ ğŸ˜­,-4,positive
1573,RT Kinderyeollie Goodnight my love Seongyeol1991,ğŸ˜Š,3,positive
1596,I love my wife,ğŸ˜™,3,positive
1597,God bless you VicMensa and thank you for supporting my community  httpstcoe0uMLsy0ko,ï¸,0,positive
1599,Plz notice this httpstcoKqmpp2CeEN,ğŸ˜Š,3,positive
1604,RT WajeehWest Make em fall in love with your personality Everything else is just secondary,ğŸ˜‹,4,positive
1608,i love being a good boy for my mistress,ï¸ â˜º,0,positive
1656,TeresaTweets18 I love dogs but Im not going to go grab some random strangers,ğŸ˜‚,4,positive
1658,RT marcusharmon_ Love to read that  httpstcoS1djMj3eOK,ï¸ ğŸ˜,-1,positive
1669,HBDPrinceSuriya  httpstco3uSTjlpqmI,ğŸ˜ â˜º,1,positive
1687,6YearsOfOneDirection Im so proud of you guys  I love you so much  onedirection,ï¸,0,positive
1708,dene_17 ok dont worry i wont forget  love you too sweetdreams,ğŸ˜‚,4,positive
1709,I love zahkari he said Nobodys fucking with daija  Im already knowing,ğŸ˜Œ ğŸ˜­,-1,positive
1713,rebecca_lodell I took it down for now until I can get it right Lol  Love u sweetie,ğŸ˜€,3,positive
1715,RT FemalePains I love this  httpstcoC7v6IL2FSx,ğŸ˜‚,4,positive
1719,Love is giving someone a power to destroy you but you trust them not to,ğŸ˜¶,0,positive
1720,I love you baby httpstcoGwnduanNYw,ï¸,0,positive
1734,ALDUBSuperMA,ğŸ˜,4,positive
1762,Americans love wars then bitch about Islam  httpstcoFWRGWSsXwp,ğŸ˜›,1,positive
1764,renee__13 thanks baby  love you,ğŸ˜˜ ï¸ ğŸ˜­,0,positive
1784,The last video has me dead  wtf when did I do that  thank you my love  see you soon  httpstcoqw6Qaa8P0M,ğŸ˜‚ ğŸ˜­,0,positive
1785,RT BaeFeeling Michelle Obama James Corden and Missy Elliot  I love this httpstcooBbmUGCC9c,ğŸ˜‚,4,positive
1794,RT guapohoez Females love arguing bro,ğŸ˜’,-2,positive
1797,xoxomckenna_  love you too,ğŸ˜˜,4,positive
1840,I always Love hard and never regret it but next time I hope its worth the one Ima marry,ï¸ â˜º ğŸ˜‘ ğŸ˜,3,positive
1867,would love a mcdonalds breakfast right now,ï¸,0,positive
1868,pizzadallasz done lovesorry butplss  can you give the free follows to TaySchmidtSel1D plss baby  Thank You,â˜º,0,positive
1879,emeurgue14 30 seconds emerge I love and miss you so so much,ï¸,0,positive
1880,RT Lovelydion_ Happy birthday to the number one bitch in my life  I love you so much and have a great day my baby  _aylin23 https,ğŸ˜ ğŸ˜©,2,positive
1894,RT positivenjhx Heres my note to directioners if you didnt see it I love you and I will always love you  6YearsOfOneDirection https,ï¸ â˜º ğŸ˜‘,0,positive
1895,meenakshi is deadass my twin lol I love her,ğŸ˜­,-4,positive
1897,RT zebralove31 happy birthday to my bff love u lexidilla lexiparra_ httpstcogUIZf0UX4D,ï¸,0,positive
1907,RT Whyquay I still love this video they sounded so good  httpstcohOmxobV5AH,ğŸ˜ ğŸ˜­,0,positive
1913,Ahh I love summer bc everyday is a good day,ğŸ¤—,4,positive
1925,I love saying fucked off  She_Rahhh,ğŸ˜‚,4,positive
1926,Tay ass love some damn soulja boy,ğŸ˜‚,4,positive
1931,RT niallkingangel Niall Horan is the biggest One Direction fan Love him NiallOfficial  6YearsOfOneDirection httpstco6HK,ğŸ˜ ğŸ˜‘ ğŸ˜š ğŸ˜ƒ ğŸ˜Š,13,positive
1938,Falling  in love is easy  but staying in love is very special,ï¸,0,positive
1940,THE CUTEST EVER  this is why i fell in love with his curly hair a lot httpstcoBAA5og9nZS,ğŸ˜­,-4,positive
1941,stahvvii katyperry Beyonce omfg I love her shes great,ğŸ˜­,-4,positive
1946,daniellepooleox thanks baby Mumma said thank you Love u loads  xxxxxxx,ï¸,0,positive
1951,RT sexualgifs_ I LOVE HER  httpstcoOZs4uOGWzn,ğŸ˜‚,4,positive
1957,RT Mss_Incredible You know you made me cry yeah thank you so much Habibty I love you httpstcoSAFg9ynkac,ğŸ˜©,-2,positive
1959,alxpierce kileyhembree I love yall so so much,ğŸ˜,4,positive
1960,The amount of love and care I have for one of my friends is insane shes like my younger sister and I genuinely want the best for her,ğŸ˜¿,-2,positive
1961,Davey_Wade  Saw them a month prior to that with The Promise Ring The Get Up Kidsand Wolfie This has been VH1s I Love The 90s,ğŸ˜€,3,positive
1962,RT foxtrx I shaved my legs and now Im complete I love feeling baby smooth skin,ğŸ˜Œ,3,positive
1968,DukotInternationalScreenings httpstcoOssZAiSQ3H,ğŸ˜,4,positive
1971,pixiefairygee I love you too Dream of me,ğŸ˜Œ,3,positive
1977,RT Dory I love her  httpstcouww6SsjvDV,ğŸ˜‚ ğŸ˜©,2,positive
1980,Happy birthday KillaShark13  Love you bro thanks for all you do Turn up today  httpstcoNZoPAfPJyx,ğŸ˜‚,4,positive
1987,Kryshelle_W17 I love it,ğŸ˜,4,positive
1988,RT ldollazzzz how to fuck up a nigga car 101 ya know niggas love their car idk if they all work but ya could try httpstco2NQdOOlC,ğŸ˜‚ ğŸ˜­,0,positive
1989,my girl get in my dam nerves 999999 of the time  i love her lil booty thou,ğŸ˜™ ğŸ˜’,1,positive
1992,thecandymancane fat girls need love too Matthew,ğŸ˜‚,4,positive
1995,thank you  httpstcoQdGDwvCE6b,ï¸,0,positive
2001,DentistsareCool i love biswa,ğŸ˜‚,4,positive
2009,I have so much love for Cher Lloyd httpstcoLiiDOxcnBG,ï¸,0,positive
2026,Sallmmaa_ love u babyyyy,ğŸ˜˜,4,positive
2034,Janelewestcoast I LOVE YOU EVEN FROM 1000 MILES AWAY  thank you sister I love love love you,ğŸ˜˜ ï¸,4,positive
2037,esmervld_v happy birthday love,ğŸ˜˜ ğŸ˜› ï¸,5,positive
2042,halialharthi awwwww thanks love,ğŸ˜¢ ï¸,-2,positive
2045,luxurycutie ew  who amp love u,ğŸ˜‰ ï¸,4,positive
2078,MissLanaLopez  love this photo of you Lana  So beautiful you have a Stunningly Gorgeous body Lana  Goddess  httpstcohrZ4sNn0Az,ğŸ˜ ğŸ˜‘ ğŸ˜š ğŸ˜˜ ğŸ˜œ,10,positive
2088,Man I love this girl,ï¸ ğŸ˜©,-2,positive
2101,RT ddlovato DC youre gonna love what we have planned on tuesday with bradpaisley  httpstcoUxpnNIM8wx httpstcolfdJPjF86w,ğŸ˜®,-2,positive
2130,via InstaRepost httpstco9t9PUlNJfY,ğŸ˜,4,positive
2131,RT FreddyAmazin I love this  httpstcoGBxf8qF5ZB,ğŸ˜‚,4,positive
2172,KiSSeop91 My love,ğŸ˜˜,4,positive
2184,Smh lol,ğŸ˜«,-2,neutral
2192,RT SuhoBr FANCAM 220716  SUHO Artificial Love  EXOPLANET 3  The EXOrdium in Seoul Day 1  httpstcoNdXyA2bBvB,ğŸ˜² ğŸ˜‘,3,positive
2196,I love my boys  Louis_Tomlinson Harry_Styles NiallOfficial Real_Liam_Payne 6yearsof1D,ğŸ˜ ï¸,4,positive
2199,clairegellard Hi Claire Id love to help Can you DM your order no billing amp email addy amp the last 4 digits of payment card  NLNatasha,ğŸ˜ƒ,3,positive
2210,We Love You Selena httpstco5PgoV2vN9I,ï¸ â˜º,0,positive
2214,I love you too sis always  httpstcoeqdikeD9V3,ğŸ˜˜ ğŸ˜‚,8,positive
2235,RT Bryzaaaah_ Im glad your okay riah keep your head up and be strong so I can keep clapping my elbows before our games httpstc,ğŸ˜‚  ï¸,4,positive
2239,I love you Kvng_Jo,ğŸ˜‚,4,positive
2242,Sweet dreams  httpst,ğŸ˜½,3,positive
2243,Lol I love her httpstcotylW0Rnq1Z,ğŸ˜‚,4,positive
2262,RT apprilsantillan I love oldies man,ğŸ˜ ğŸ˜©,2,positive
2272,RT MaddieSelman_99 kaseyOchoa74 julie_goonsquad damnjovani itsscecccyyyy Leslie584845341 I LOVE YOU TOO,ï¸,0,positive
2275,RT homegoaIs I love this house  httpstcoHtbAc2bcbo,ğŸ˜,4,positive
2282,theohurts AdamHurts THANK YOU I loved the concert yesterday you guys are amazing love you both so much httpstco5SvIjuG1mh,ï¸,0,positive
2288,Use discount code LOVE for 15 off any purchases  htt,ğŸ˜»,4,positive
2289,I love my babygirl NavarreteeRubi,ğŸ˜˜ ğŸ˜,8,positive
2301,RT WeLoveRobDyrdek Michelle Obama James Corden and Missy Elliot  I love this httpstcoEWgKSNIDU7,ğŸ˜‚,4,positive
2304,RT AngelTilaLove I love that I helped to inspire our future First Ladys stunning get up at the RNC this year MelaniaTrump  https,ğŸ¤—,4,positive
2336,RT ltsKardashians Im in love with Kendall Jenner  httpstcotri2hUQdPB,ğŸ˜»,4,positive
2357,RT Lundynnnnnn I love my fall and winter wardrobe  I cant wait till it gets cold enough to wear my stuff,ğŸ˜­,-4,positive
2372,RT TaylorlaCreatif I love my wife,ğŸ˜™,3,positive
2388,onedirection Harry_Styles NiallOfficial Real_Liam_Payne Louis_Tomlinson thank you for the best years of my life i love yall so much,ï¸,0,positive
2400,RT _itsTianaaa You bettah tell new Roger too come get yo babysitting havin ass  Love you too boo   httpstcogswZRRtbEx,ğŸ˜‚,4,positive
2415,RT SaraRamirez I wish all of my GreysAnatomy Shondaland Family a fantastic Season13 Sending you LOVE,ï¸,0,positive
2432,Momsthank you for supporting the fandomWe love you JohannahDarling RealKarenPayne Horan_mauraa _annetwist 6YearsOfOneDirection,ğŸ˜˜,4,positive
2448,RT khloekardashian I love them  httpstcojdjI9PD2GG,ğŸ˜,4,positive
2472,I love the variety of MsIndiaSummer Twitter She can pass from porn to Nordic mythology then hockey Really multitasking,ğŸ˜‰,4,positive
2482,Thank you for the amazing memories Im so proud to he part of this big family Love you 6YearsOfOneDirection httpstcoxwEilsyezu,ğŸ˜­,-4,positive
2484,RT ShaandaarVicky Good morning Shaandaar_Kapoor Good morning all sweet Shanatics  Have a happy wala day  and much  love   ht,ğŸ˜ ğŸ˜Š â˜º,7,positive
2503,RT Earthlmages Love nature  httpstcoHI2iuBdyEB,ğŸ˜Œ,3,positive
2530,daisyywaisy like her Tia  yes let me know when youre free I love you,ï¸ ğŸ˜­,-4,positive
2536,And vise versa  httpstcom45XghzXJK,ğŸ˜Œ,3,positive
2573,madisonpettis Happy Birthday you gorgeous girl  I love you very much Madi,ğŸ¤—,4,positive
2578,Happy Birthday keithh629   I hope you have an amazing day  much love,ï¸,0,positive
2585,httpstcoKnXTBteCoV httpstcofTUQSUdRRC,ğŸ˜œ,-1,positive
2597,RT niallkingangel I will always be here for our beautiful boys till the end Love them so much  6YearsOfOneDirection httpst,ğŸ˜ ğŸ˜ƒ ğŸ˜­,3,positive
2634,love you babe httpstcoi1q8SbAygP,ï¸,0,positive
2643,I Love Your Smile Shanice,ğŸ¤— ğŸ˜,3,positive
2645,She fuck with me  cause my love is addicted,ğŸ˜˜,4,positive
2653,RT Jaydaddy811 Id love some of this rn httpstcoehEpgAGRFe,ğŸ˜,3,positive
2669,RT arzlgarcia Love you Sweetheart  ALDUBSuperMA  Stylizedstudio httpstcokEVWRzrfN1,ğŸ˜,4,positive
2670,I love you more babe httpstcoEo4CSf768U,ï¸,0,positive
2676,My TeenChoice vote for ChoiceInstagrammer is selenagomez https,ğŸ˜˜ ğŸ˜,8,positive
2682,RT evilsehun_ Be like Chanyeol and Baekhyun when the person you love is speaking learn to pay attention  httpstco8WMNVq4oci,ğŸ˜ ï¸,4,positive
2686,Say love is overrated Somebody lied Im faded,ğŸ˜«,-2,positive
2698,I love jackass,ğŸ˜‚,4,positive
2700,RT meanpIastic I love this  httpstcoFv6c3NzKSA,ğŸ˜‚,4,positive
2708, Love YOU,ğŸ˜,4,positive
2738,GD AFTERNOON DR PAPA G Plz Bless me with your  love Love you,ğŸ˜ ğŸ˜,5,positive
2747,RT EmilieRector sarahhcalderas_ stop staring at me bitch I love your ass sooo much its unreal Thanks sweetie,ğŸ˜‰  ğŸ˜‡,8,positive
2748,I love my naked face though and I can rock makeup so Im happy its all about being happy with what you got,ğŸ¤—,4,positive
2793,From a mythering bitch to a spot I love MrkieronR comparisons of me in birthday cards whatever next  httpstco3YTgUXIZR5,ğŸ˜‚,4,positive
2803,Happy birthday to my mean ass bestfriend who act like my mama kilahlesley  Best friend of 18Years I love you httpstcoVuRlrCd4mG,ğŸ˜» ï¸,4,positive
2804,RT _aylin23 The last video has me dead  wtf when did I do that  thank you my love  see you soon  httpstcoqw6Qaa8P0M,ğŸ˜‚ ğŸ˜­,0,positive
2815,RT adalee_c hope_trin221 I love you too,ï¸,0,positive
2830,RT pepicbabbyy_01 Much love for this kid   blessed httpstcobYoPPdUwVI,ğŸ˜©,-2,positive
2843,RT jacobsartorius Love you Anna Have a fantastic day httpstcoQf5mZ7g3Nf,ğŸ˜Š,3,positive
2850,nikifyinglife di r u suffrng frm hypoglycemia U do lot of work na hve lots of fruits esp dates get wel soonlove httpstcoz2jgZV5IM0,ğŸ˜˜ ğŸ˜Ÿ ğŸ˜¨,-2,neutral
2852,Even if I gotta keep you at arms length if I got love for ya ima check on ya  thats just the heart in me lol,ğŸ˜­,-4,positive
2855,I dont know how you got inside my heart but I do know that I never want you to leave Love httpstco4EypaqylaL,ï¸,0,positive
2874,Love you Ky youre wonderful httpstcoVtdGv1Oi7D,ï¸,0,positive
2882,_gibsss thank you love you so much,ğŸ˜ ï¸,4,positive
2884,I love to make fun of his accent,ï¸,0,positive
2888,Go subscribe trust me you wont regret it       Ps I love you Eva  httpstcoNBtuShnmYR,ï¸,0,positive
2903,My house is so cold I love it,ğŸ˜´,0,positive
2930,Tell her I said Happy Belated Birthday and I miss her  httpstcoBeCtFIf306,ğŸ˜ ğŸ˜© ğŸ˜­,-2,positive
2931,Love Is In The Air PrinceRoyceFDO2016 octubrefiestas JenniferJNieman,ğŸ˜,4,positive
2932,Samantha_Burtch thanks love you Sam,ï¸,0,positive
2933,RT shanedawson My security pup Eddie Thanks Minneapolis for all the love See you Sunday Chicago  httpstcoJYANPo0sTV,ï¸,0,positive
2940,RT alrightkarla simplynessa15 onedirection WAIT BUT WHAT ABOUT ENGLISH LOVE AFFAIR,ï¸ ğŸ˜­ ğŸ˜‘ ğŸ˜˜ ğŸ˜©,-2,positive
2942,RT jadekellylynne heyyokase me too omg I love you so much,ï¸,0,positive
2951,So cool iHrithik dont miss it  httpstcoKpYyTcJsSI,ğŸ˜,4,positive
2960,RT RatkaWreckz Yall go make HEAD_HUNTA7 OvO followbuttonturnblue and show some love CatchAPositiveWave show his page some love,ï¸,0,positive
2970,soooo cute gosh i love when justin smiles its beautiful httpstcoxuPolGRpEW,ğŸ˜,4,positive
2976,RT Yella_beauty15  Im far from it  I just love my weave  httpstcoQlKvUoQlhS,ğŸ˜›  ï¸,1,positive
2977,katyperry look over here plzcant love ur new song anymore  httpstco4wbAqS7EyC,ğŸ˜˜,4,positive
2983,It is almost 4 am in Argentina and Lucas follow me I do not think so Im crying I love you bae   DobreLucas httpstcohDrZKQF5VH,ğŸ˜­,-4,positive
2991,Love Zlatans cameo Even though hes sponsored by Nike  httpstco6sG6T0jjZa,ğŸ˜,4,positive
3007,Happy 6th aniversary 1d I love you all   6YearsOfOneDirection,ğŸ˜˜,4,positive
3014,Love finding out my coworkers have a crush on me,ğŸ˜‚,4,positive
3022,dene_17 ok dont worry i wont forget  love you too gnite,ğŸ˜‚,4,positive
3026,RT SteezyTim_ Im really gonna miss this guy real genuine love bro stay up out there in Colorado httpstcoG69T7NltR9,ï¸,0,positive
3039,RT Serenityyyy__ Happy birthday you little baddie  so grateful to have met you Love you JosieAnaya,ğŸ˜˜,4,positive
3040,Can someone just send sketchreppinink all the love and hugs in the world so he gets better quick  httpstcoEvJIRtN80Q,ğŸ˜‚ ğŸ˜«,2,positive
3041,RT PiinkyDFox Lord please protect the ones I love amp care for,ï¸ ğŸ˜©,-2,positive
3057,easybeinmeezy love yah toooooo,ï¸,0,positive
3060,love yourz will forever be one of my favorite songs from j cole,ğŸ˜,4,positive
3063,RT sydneylame happy birthday Austinjones118  make it a good one much love,ï¸,0,positive
3090,Shannon  httpstcoX75uc1lYce,ğŸ˜©,-2,positive
3092,I seriously love Megan so much its unreal,ï¸,0,positive
3100,6YearsOfOneDirection I LOVE YOU ALL AND THANK YOU FOR EVERYTHING,ï¸ ğŸ˜­,-4,positive
3107,Love is not determined by the worthiness of the object Love is determined by the giver of the love Richard RohrÂ httpstcoqcfs6qg1sV,ğŸ˜‘,0,positive
3113,schneiderolivia KimKardashian  I love taylorswift13,ğŸ˜,-1,positive
3127,Love my fresita httpstcoQq0B5rvoqg,ğŸ˜‹ ï¸,4,positive
3128,The fact that he looked into the camera Love You Zach  httpstcoLz6ouGrVKZ,ğŸ˜,4,positive
3141,Happy Birthday BIHHH  I love you girly  TU baby happy 16 Im so glad I met your crazy ass  JohnstonBaylee httpstco4fH2UOUMei,ğŸ˜› ğŸ˜‘  ğŸ˜˜,5,positive
3143,RT brrreannnaa xoxomckenna_  love you too,ğŸ˜˜,4,positive
3148,RT Haleylynnlittle survivethevibe I love u Omg,ğŸ˜­,-4,positive
3154,RT Melanie_padron_ It was great day night with my love  httpstcoKWPRhr1AZH,ï¸,0,positive
3188,Love my girlfriends smile too damn much  httpstcoyxaaE1sGyU,ğŸ˜,4,positive
3192,RT bismaahmed_ Karachi is love  httpstcosoLgkJVMUT,ï¸,0,positive
3208,RT JMitchellNet Relaxing   love inlove puppy puppylove chihuahua furbaby baby newbaby jmitchellnet httpstcoAZRtKC5F4F,ï¸,0,positive
3214,He said you broke my heart bitch  httpstcod6yCzWJJTU,ğŸ˜‚,4,negative
3215,RT steed_dancer25 happy birthday babe love you hippplover,ğŸ˜˜ ï¸,4,positive
3275,RT MEnorlan I love rainy days specially when Im with you cuddling as we fall sleep,ğŸ˜´,0,positive
3276,mldlc3 love ya sugar,ğŸ˜‚,4,positive
3277,I hate runny shits but i love it,ğŸ˜,4,positive
3282,RT seafoamkiwi laaurenparker HAPPY BIRTHDAY to my beautiful best friend Have a GREAT day  I love you so much Loz  httpstco4hpC,ï¸,0,positive
3284,RT JDBHoldMeTight  COLD WATER IS AMAZING  is trending and I love it httpstco8Vzmx1ZWU0,ï¸,0,positive
3302,RT SoDorielle You can love somebody so much and give them your all but you cant make them not cheat not lie and not be loyal,ï¸,0,positive
3313,RT gawbreel i LOVE you too B httpstco50CHThcDy6,ğŸ˜š,3,positive
3315,One day Id love to have every weekend off Unfortunately thats not now,ğŸ˜•,-2,positive
3324,RT FreddyAmazin I love her  httpstcoD2YxHbBcdE,ğŸ˜‚ ğŸ˜©,2,positive
3340,RT ThatsSarcasm girls love laying down like this httpstcogWMTxgQ7dZ,ğŸ˜,3,positive
3354,RT daysiahills1 So how deep is your love  Come show me whats up,ï¸,0,positive
3368,RT childishdante I LOVE YALL OMG SO CUTE  httpstcoY90ULd72D6,ğŸ˜­,-4,positive
3381, talk too much,ï¸,0,positive
3385,kbangalore_ OH NO  GORL I LOVE YOU,ğŸ˜³,-2,positive
3387,RT MissJSquared Please look after and love each other,ï¸,0,positive
3394,RT sarabear1458 Bae feeding me the other day love him oink oink httpstcomDzc0NL0X3,ğŸ˜˜ ğŸ˜‚ ï¸,8,positive
3395,benjxmvn OKAY IN A GOOD WAY I LOVE MY FAM I just wanna do good,ğŸ˜€,3,positive
3402,RT julienco_ i love your smile,ğŸ˜Œ,3,positive
3404,RT GirlsNoteBook Michelle Obama James Corden and Missy Elliot  I love this httpstcoiFTuo3vWnO,ğŸ˜‚,4,positive
3407,RT hannahwills15 Never knew I could be so sad or so in love,ï¸ ğŸ˜­,-4,positive
3410,aliciaparmer THANK YOU SO MUCH BABE  I LOVE YOU SO MUCH,ğŸ˜ ï¸ ğŸ˜­,0,positive
3439,RT Swagdaddyniall 6YearsOfOneDirection  Louis_Tomlinson Real_Liam_Payne NiallOfficial Harry_Styles love you,ï¸,0,positive
3442,RT its_kaaatt Desera is coming down just to go to Island Dreams with me  I fucking love her,ğŸ˜©,-2,positive
3450,RT stephenbrown69 I do love a nice hairy pussy   httpstcoRYuMhXC2zT,ğŸ˜,4,positive
3462,RT MR_XIUMIN 160722 EXOrDIUMinSeoul ì‹œìš°ë¯¼ XIUMIN  Artificial love httpstcofiJ9tjDNoq,ğŸ˜‡,4,positive
3469,I love the way katyperry interacts with KatyCats on Twitter Shes just too cute,ğŸ˜  ğŸ˜­,0,positive
3474,RT daysiahills1 You know I got that love me long time,ğŸ˜˜,4,positive
3484,RT Rar75_ This is true love  httpstcoJGs4jHjLY3,ï¸ ğŸ˜­,-4,positive
3490,RT hwanvocal no other flower can be compared to the beauty of yours my love httpstcoZAERperpLi,ï¸,0,positive
3511,HBD to the best neighbor I could be blessed with I love you amp I miss living literally a wall away  _millyyy  httpstcoTjYshDImO9,ğŸ˜­,-4,positive
3523,verma_abhishek5 Good afternoon httpstco6Y1ZlqWHcr U,ğŸ˜˜,4,positive
3545,6YearsOfOneDirection thank you for making me happy all these years I love you with all my heart Til the end boys  httpstco9RW5GetOET,ï¸,0,positive
3547,RT FemaleTexts I love her  httpstcoM5cwVagC1G,ğŸ˜‚ ğŸ˜©,2,positive
3570,I love where Im going with my life,ï¸,0,positive
3596,RT vlejvndrvbvbe  I love you sm dude youre the cutest  I cant wait for your party its gonna be LIT  miss you baddie keep slayi,ğŸ˜,4,positive
3628,Trying to but you aint link up  httpstcostgJqzXMqw,ğŸ˜ª,0,positive
3631,RT Cocolisabeta I love having back photos of this friendship  httpstcoyGTA0vpJKK,ğŸ˜,4,positive
3633,I LOVE YOU SO MUCH DONT GO  httpstcoUoGAmU1zdh,ğŸ˜­,-4,positive
3637,Already 6 years i will never be able to thank the boys for what they do i love them so much 6YearsOfOneDirection httpstcoIKbXghDKST,ğŸ˜–,-2,positive
3638,IfrahBasheer thanks if love you and miss you so much,ï¸,0,positive
3646,Happy birthday lovely Simplyy_Mariaa  love you,ï¸ â˜º,0,positive
3648,RT SamanthaRone Heres alittle bit of tushy_com love  httpstco6bHg2PQy18,ğŸ˜˜  ï¸,4,positive
3653,THANK YOU LOVE Wish you was here too Def about to turn up  thanks MoBitches Love you bro httpstcoBuyJFPWsLT,ğŸ˜œ,-1,positive
3654,Most of edm girls are boring n ugly lol I love the babes here theyre all so crazy,ğŸ˜,4,positive
3671,RT She_So_Lavish She got on my LAST nerves httpstcoVE4bINquGf,ğŸ˜‚ ï¸,4,neutral
3678,Lol I love the building itself httpstcoSyoVv0bVYo,ğŸ˜,4,positive
3683,RT p_catie esmervld_v happy birthday love,ğŸ˜˜ ğŸ˜› ï¸,5,positive
3693,My 3 year old cousin saying Love you shade hurry up and come get me melts my heart,ğŸ˜©,-2,positive
3700,6YearsOfOneDirection httpstco9nwhyptHBm,ï¸,0,positive
3701,Still love you and always will,ğŸ˜,4,positive
3728,RT insan_nivia Gurmeetramrahim gud ninni papa g dhan dhan satguru tera hi aasra Plz come in my dreams n bless me with ur love Hea,ğŸ˜˜ ğŸ˜‡,8,positive
3732,preciouusss_ Happy birthday beautiful Hope you have an amazing day Love you,ğŸ˜Š,3,positive
3735,RT 1omoney love all my brothas,ï¸,0,positive
3737,RT shelovesaysiah 8 months with Andre Dre  I love you girlll  LIKE_MySwagg httpstcocZByjUXjQG,ğŸ˜‹ ğŸ˜,8,positive
3752,Happy 22nd Birthday to this beautiful balla  jecenia_33  love you girl dueceduece  httpstcorxo7TUvC07,ğŸ˜˜ ï¸ ğŸ˜›,5,positive
3765,RT DressingCuter Love  httpstcoLjZ1mZWMnP,ğŸ˜,4,positive
3769,07anahilopez lmao thats all Imma hear today  but thank you Anahi love you more,ï¸ ğŸ˜‘  ğŸ˜‚ ğŸ˜™,7,positive
3775,They are my life Its unbelievable 6 years I love you so much  Thank you 6YearsOfOneDirection,ï¸,0,positive
3789,RT alexandriaxmc Kylas and Daryl Ongs cover of Secret Love Song,ğŸ˜,4,positive
3806,Happy birthday to my girlfriend xxjacindaaa Love you bitch Tu live it up,ğŸ˜˜,4,positive
3822,_kaileyc5 love you,ï¸,0,positive
3829,brenda_pateyro7 thank you cutie love you too,ğŸ˜˜,4,positive
3836,RT savthornell Alejandro4859 ALEJANDRO I LOVE YOU SMMyou dont understand,ğŸ˜­,-4,positive
3840,My baby girl sooo the pretty  Sooo beautiful Its make me fall in love with her more and more deeper,ğŸ˜,4,positive
3841,RT HeelyQueen Sara continuously sending her love to the cast shes too good for the show,ğŸ˜­,-4,positive
3849,Gotta love Marshmallow and chocolate Ill be the graham cracker  aye Smores  PhaseLosFive,ï¸ ğŸ˜,0,positive
3863,Your diaries and your funny dances we will always remember and love you guys were gonna miss you 6yearsof1D httpstco3L0NhBeiub,ğŸ˜” ï¸,-1,positive
3868,RT smfh If u watched any of my periscopes earlier u know who Im talking about  httpstcoLpftAI9n88,ğŸ˜‚,4,neutral
3871,Im in love with Tori Kellys songs,ğŸ˜,4,positive
3873,RT Being_Aayushi HDDCS sameer nandini Love them Salman Aishwarya httpstcoMyy87RxrlL,ğŸ˜»,4,positive
3882,Im sorry but CS fans calling Colin Josh and Jen the holy trinity is precious I love how most of us have the same top 3 favs,ğŸ˜Š,3,positive
3899,I love this video httpstcoD4qS3LEEkC,ğŸ˜»,4,positive
3929,This Was My Song Still Lowkey Get Me Hype  httpstcoe004ctKQ3y,ğŸ˜‚,4,neutral
3943, I love x men,ğŸ˜‚,4,positive
3956,jordanjmacc Thank Jordan I miss you so much and our crazy memories especially the second photo love you girl,ï¸ ğŸ˜‘ ğŸ˜‚ ğŸ˜Š ğŸ˜‰,11,positive
3957,RT manizhesk I love shahidkapoor  more than pooh bear loves his honeyIm sure ur junior loves my this editFor ur sweet smile https,ğŸ˜˜ ğŸ˜,8,positive
3976,steed_dancer25 hippplover thanks babes I love you too,ğŸ˜š,3,positive
3977,antwuan_jr sometimes what we love hurts us,ğŸ˜ª ğŸ˜‚,4,positive
3996,I fall in love with him more each day  thats my baby,ğŸ˜,4,positive
4002,RT ThatBucketList I really love this house  httpstco2NTOQgDfZf,ğŸ˜ ğŸ˜©,2,positive
4020,6YearsOfOneDirection,ğŸ˜Š,3,positive
4024,FILWTP  fell in love with the pussy httpstcoeWlTiNsYhZ,ğŸ˜Œ,3,positive
4026,RT mendeshype tour day 1  love dis dude ShawnWorldTourBocaRaton httpstcoJLL2zcCK9L,ï¸,0,positive
4038,RT ShawnMendes Dallas thank you SO much for singing your hardest tonight I love you,ï¸,0,positive
4043,RT _Go_Eat_A_Ass  I love me some him httpstco6eh6u7aYAU,ğŸ˜ ğŸ˜…,7,positive
4049,Fuck off my tml I almost started crying httpstcoFSAdfQAivw,ğŸ˜‚,4,negative
4052,Had the time of my life with the love of my life  httpstcoFylT9TtQaU,ï¸,0,positive
4060,RT TravonSchakee bushcourtney1 Courtney  you have been one of my biggest supporters  I love and miss you so much Lunch soon,ğŸ˜» ğŸ˜©,2,positive
4063,gn I love my gc buds my mutuals and sebstan  httpstco3Uz8fVWi4w,ï¸,0,positive
4083,lyndra_davis  Love you baby even when you fart 247 thank you,ğŸ˜Š ğŸ˜š,6,positive
4094,RT _fineeeeeXB I love these aint had em in so long  httpstco0VvDUelCQI,ğŸ˜©,-2,positive
4097,poojatiwari878 Thank you love,ğŸ˜˜,4,positive
4101,RT niallkingangel Im so proud of our beautiful adorable boys They deserve all the love and happiness  6YearsOfOneDirection htt,ğŸ˜ ğŸ˜­ ğŸ˜‘  ğŸ˜ƒ,3,positive
4123,seafoamkiwi love you endlessly,ï¸,0,positive
4131,Hi MsJ0NA I miss you po  stay pretty and humble I love you,ğŸ˜­,-4,positive
4137,ALDUBSuperMA,ğŸ˜‰,4,positive
4154,Love you,ï¸,0,positive
4158,Lately Ive been crushing a lot and getting over it quickly but its ok girls love assholes,ğŸ˜Š,3,positive
4174,sumieeeek your so bombI love your style Those boots are just everything Work it You slay period,ğŸ˜,4,positive
4185,This My Shit Omm  httpstcoWAgIhlx2Rk,ğŸ˜,4,positive
4229,RT KpopDoo30 chanbaek invented love and these  httpstcovnX4u6sY28,ğŸ˜Œ,3,positive
4235,RT Vee_Jayyy Just love me pls  httpstcoQdf3SwwAkc,ğŸ˜•,-2,positive
4243,these moments were hilarious  I love Lilo bromance 6yearsof1D onedirection httpstcoEpoycKrQSa,ğŸ˜¹,4,positive
4248,RT sugarscape Liam Payne announces hes going solo gives One Direction ALL the love   httpstcoRiQ1zg5b9p httpstcofb91meLASt,ğŸ˜­,-4,positive
4252,RT QueenxOce I will Always blessed about your scÃ¨ne your chemistry The best relationship The Klamille fandom love you both httpst,ğŸ˜,4,positive
4267,RT midgetjayy that gucci amp keyshia love,ï¸,0,positive
4270,RT titas_sg VSood12 I love the trio too But I love Hermione more  potterheads httpstcooNR0KFI2nu,ğŸ˜„,3,positive
4283,I love this video httpstcoHxsCRMLe67,ğŸ˜ ğŸ˜Œ,7,positive
4293,See you later I love you,ğŸ˜˜ ğŸ˜,3,positive
4296,thanks nici i love amp miss you too i wont tu too hard without you httpstcoTdhvYecena,ï¸ ğŸ˜‘  ğŸ˜˜ ğŸ˜‰,8,positive
4310,CallMeYEEZUS_ much love,ï¸,0,positive
4314,I love surahasmith so much,ğŸ˜˜,4,positive
4322,LEONVARTANIAN thank you i love stupid,ğŸ˜‚,4,positive
4329,RT Oktxvix Thank you for the amazing memories Im so proud to he part of this big family Love you 6YearsOfOneDirection httpst,ğŸ˜­,-4,positive
4330,RT jasmin_murawski ajsg Good morning Twiend I love the sound when you click my tweets A sunny cloudy picture for you  httpstcoG,â˜º,0,positive
4332,I love how whenever we have left overs we give it away to customers for such good prices,ğŸ˜‚,4,positive
4338,RT GAbssponce Happy birthday to this savage love you mom httpstcoHgKuG1ccXT,ï¸,0,positive
4342,missiondirectionlove httpstcokaVbBJDE5h,ï¸,0,positive
4357,GO,ï¸ ğŸ˜„,3,neutral
4380,RT ___DestinyJadai I love the part on the purge election year when that girl came back to purge amp was like I want my candy bar,ğŸ˜‚,4,positive
4390,RT arzlgarcia I love youuuuuu  ALDUBSuperMA httpstcogzKdQHgvO6,ï¸,0,positive
4396,Just witnessed a real life sex aint better than love moment where men chose sex over love Smh  when will they learn  TreySongz,ğŸ˜’,-2,positive
4402,RT eternallyixing look at how yixing gazes at the fans with that glint in his eyes  hes so beautiful I love him so much  httpstc,ï¸,0,positive
4428,Atmosphere1374 and I love Doordie Shes so damn cute,ğŸ˜Š,3,positive
4431,So in love with my toes amp nails,ğŸ˜,4,positive
4450,Good Morning I love Blake and Gwen so much  httpstcoUcBNFddAS8,ğŸ˜,4,positive
4451,alannajoiii thanks sister  I love you too,ï¸,0,positive
4453,MlLLlONWORDS done lovesorry butplss  can you give the free follows to TaySchmidtSel1D plss baby  Thank You,â˜º,0,positive
4455,xo_revajusteen you thought I was running to go hug you but told you to move out the way  much love,ğŸ˜‚ ï¸,4,positive
4473,RT MohamedAbbas LeaMakhoul Mina_Atta_ ShereenYehia miss u too lea i love it,ï¸,0,positive
4478, I love these sweet video Children and animals are so cute   https,ğŸ˜˜ ğŸ˜,8,positive
4480,RT Katelynskupnyy random appreciation post to my best friend through it allhonestly dont know what Id do wo youlove you so much ht,ï¸,0,positive
4482,Harry_Styles Louis_Tomlinson NiallOfficial Real_Liam_Payne CongratulationsYou are the best boyband in all the worldLove You,ğŸ˜Œ,3,positive
4483,RT JAYnthebuilding I love sianni yo she funny as shiiiiit,ğŸ˜‚ ğŸ˜­,0,positive
4486,uniquehendee I love you,ğŸ˜­,-4,positive
4489,Crying tears of joy  httpstcol6z5IX0vLF,ï¸ ğŸ˜­,-4,positive
4490,6YearsOfOneDirection 6 Years of 1D Im so proud of them Theyre my inspirationI love you This is not the end httpstcoU4730T05Kk,ğŸ˜˜,4,positive
4499,Seriously love waking up feeling sick,ğŸ˜ ğŸ˜­,-6,positive
4503,NetBrittney love you too,ğŸ˜˜,4,positive
4517,webcambabexxx FAKEbOObjunkie lovedagirls911 xdespiadado alex_caliente30 I love your side boobs,ğŸ˜ ğŸ˜ˆ,0,positive
4525,RT harryislouvly I love them so much and i cant even imagine my life without them  6YearsOfOneDirection httpstcokQfxWfjeSX,ğŸ˜­,-4,positive
4534,__heyfaith thank ya amp love ya too,ğŸ˜˜,4,positive
4541,TBahamian this why he daddy ask  httpstcouYG861iRo0,ğŸ˜ ğŸ˜‚,8,positive
4549,Love you  httpstcoBAJkfm1obs,ğŸ˜˜ ğŸ˜,8,positive
4556,Love my new piercing but shit hurt,ğŸ˜‚,4,positive
4563,RT _ggaby_ I totally LOVE HER  kaasandrrra httpstcoziU5F5IZMh,ğŸ˜‚,4,positive
4568,I love you too gf  httpstcoEoeY5k2WGC,ğŸ˜ ï¸,4,positive
4579,6YearsOfOneDirection ok i feel old now  6 wonderful years saw them 4times live and im so proud of them that they got so far Love You,ï¸ ğŸ˜±,-4,positive
4580,rylee_branham  you love me and thats all that matters,ğŸ˜‚,4,positive
4581,Couples in love make me sick but at the same time warms my heart,ğŸ˜­,-4,positive
4592,She talking bout some why you styling on yo first love like that  that was fake love,ğŸ˜‚,4,positive
4602,I love getting fresh bundles,ï¸ â˜º,0,positive
4626,httpstcocSZSewyr76 ht,ï¸ â˜º,0,positive
4677,I love them   North Dakota State Fair httpstcosHIKeHYSBx,ğŸ˜ ï¸,4,positive
4678,Really love your new song katyperry RISE  httpstcorEde7Qvtof,ğŸ˜,4,positive
4706,HBD MAM BTCH  sorry i cant come today  see you nalang sa mental soon Check your phone later  LOVE YOU httpstcoOHrNLeGAoc,ğŸ˜‰ ï¸,4,positive
4724,Love you too  httpstcoxtActtRsdC,ğŸ˜˜,4,positive
4736,I love you so much ms2ll  httpstcoV666l6brdY,ï¸,0,positive
4760,BTS_twt oppa Jungkook  i love you so much,ï¸,0,positive
4842,RT hilucyhere finally got to meet my fave beth_f1 today hope you have a lovely weekend in london amp ill see you soon love you https,ğŸ˜Œ,3,positive
4851,hotpantsssss the fuck Gurl you love me  gtfo lmao,ğŸ˜‚,4,positive
4852,RT MoonEqualist Im loving this song DTST79 I made a sleepy vine for ya Love this Ill make more kind of artsy httpstco,ğŸ˜œ,-1,positive
4864,happy birthday to the pain in my ass  i love you little bro you more than a nephew  you my dawg  httpstcofgpqzKje9P,ğŸ˜ˆ,-4,positive
4871,Would love to have a Harry Potter movie marathon night with my favorite snacks,ï¸,0,positive
4874,I LOVE MY BEST FRIENDS LAUGH,ğŸ˜‚ ğŸ˜ ğŸ˜©,6,positive
4879,NiallOfficial I will always be here for you my sweet angel Im so proud of you Love ya my sweet angel  6YearsOfOneDirection,ğŸ˜ ğŸ˜ ğŸ˜­ ğŸ˜‘ ğŸ˜š  ğŸ˜ƒ ğŸ˜Š,10,positive
4886,I love traveling,ğŸ˜,-1,positive
4892,Happy birthday Des I love amp miss you  destini_mathis,ğŸ˜˜ ï¸,4,positive
4896,I love dog memes omg,ğŸ˜‚,4,positive
4921,RT SelenaFanClub We love you so much  Heres to another amazing year HappyBirthdaySelena httpstcotc5CdF8KmE,ï¸,0,positive
4924,RT katelynnw000 FREE ANIMALS TOMORROW  ANIMAL FOUNDATION ON MOJAVE GO ADOPT AND GIVE A DOGGY OR KITTY A GOOD HOME amp LOTS OF LOVE,ğŸ˜¸,3,positive
4969,JAGGERRlCHARDS rivjudes Im a spy in the house of love,ğŸ˜ ğŸ˜‘  ğŸ˜œ ğŸ˜³,-2,positive
4996,ALDUBSuperMA httpstcoAGMuTPhx9T,ğŸ˜,-1,positive
5001,I WAIT YOUR ANSWER,ğŸ˜œ,-1,positive
5021,hbcailey freaking love u,ï¸,0,positive
5037,atoosaucy love you too my short friend,ğŸ˜Š,3,positive
5066,SwaSanRules httpstco2Ia1XP,ğŸ˜˜ ğŸ˜,8,positive
5077,This me httpstco0g7IJqEkU4,ğŸ¤—,4,positive
5095,I couldnt meet carsonlueders amp johnnyosings on tourChicagobut I love you boys so freaking muchGOODNIGHT LOVES,ğŸ˜ ï¸ ğŸ˜­ ğŸ˜‘  ğŸ˜˜ ğŸ˜,2,positive
5111,RT babystunnaa Lol I love her httpstcotylW0Rnq1Z,ğŸ˜‚,4,positive
5112,Love when people bail on shit last minute,ğŸ˜,1,positive
5131, love  u sir httpstcowQetFHd6ZT,ğŸ˜,4,positive
5132,Oh how I am so proud  httpstcokQ7i9JXUab,ğŸ˜ ğŸ˜­,0,positive
5154,_lettygarcia I love you too letty  Thank you haha,ğŸ˜˜,4,positive
5168,RT gauravkapur Haha if you love something set it free If its meant to be yours  Itll cost you a hundred million httpstco6sf,ğŸ˜„,3,positive
5169,Bruh cuddling would be love,ğŸ˜‹,4,positive
5172,i LOVE being left on open,ğŸ˜Š,3,positive
5183,RT wabdlew5 Man I love this girl,ï¸ ğŸ˜©,-2,positive
5186,Katelynskupnyy i love you so much,ğŸ˜­,-4,positive
5198,RT girlposts IM ALREADY IN LOVE WITH MOANA  httpstco9MaqgWeeuS,ğŸ˜  ğŸ˜­,0,positive
5204,RT rebelliousrocky Love love love yall  httpstcoN11X6Uhg5e,ğŸ˜,4,positive
5208,Whos beautiful  Thank you baby  Love you too  httpstcoyU2TjYFiDK,ğŸ˜˜ ğŸ˜‚,8,positive
5212,NewMusicFriday  httpstcoq2SXWsaKwJ,ï¸,0,positive
5249,RT brittfrank80 I am in love with Sam Hunt,ï¸,0,positive
5253,Happy birthday my love madisonpettis,ï¸,0,positive
5293,I just love waking up in the middle of the night in the worse pain yet,ğŸ˜­,-4,positive
5294,6YearsOfOneDirection im so thankful for the boys for existing for my friends whom i met because of them for all the memories and love,ï¸,0,positive
5297,RT Lynn_Todd27 I feel so proudyou deserve all the bestLove you guys 6YearsOfOneDirection httpstcocBVybf5q9p,ï¸,0,neutral
5324,361,ï¸,0,positive
5329, httpstcoVlgTzzPVol  httpstcoTaeg9Ui5oH,ï¸,0,positive
5336,Eunhae httpstco15oONiH,ğŸ˜,4,positive
5348,impolenngg stay strong baby love you,ğŸ˜˜,4,positive
5349,RT gouravgarg77 300DaysOfMSG2  and its beautiful messages in Cinema halls Your love for MSG2 is totally unbeatable httpstcoCnsSo,ğŸ˜,4,positive
5354,RT MarkFerris2O16 I love amp miss this day so much already httpstcoJUVm4PjFVY,ğŸ˜‚,4,positive
5357,RT goldennn_xo  thank you  httpstcoQdGDwvCE6b,ï¸,0,positive
5367,LC_is_a_lover I know When I went on Thursday I didnt wanna come home  amp I know I just love the feeling and the vibe I get there,ğŸ˜‚,4,positive
5376,love seeing my big cousin happy,ï¸ â˜º,0,positive
5379,RT alllilovee myriahmartinez1 I love you so much thanks for coming,ğŸ˜»,4,positive
5385,6YearsOfOneDirection httpstco1ENz3qUf,ï¸ ğŸ˜±,-4,positive
5388,Your hot i love you,ï¸,0,positive
5389,Cheyenne_Autum i love you so much  and maybe,ï¸,0,positive
5391,eb0nyy in love w u,ï¸,0,positive
5392,Its impossible to look this much like my httpstconJ8ixottq8 you mom httpstcoruX5asepm4,ğŸ˜  ğŸ˜,4,neutral
5399,RT GWagonPorn Im in love httpstcotpio8klFNQ,ğŸ˜,4,positive
5400,katyperry online I wasnt noticed keep normal  still love you bird,ï¸ ğŸ˜‘  ğŸ˜‚,4,positive
5401,When youre engagement gets so much love   I love you kmichelle so much and youre team for making it happen  httpstcoMurS0LeoGR,ğŸ˜,4,positive
5408,Home sweet home I love my bed Especially wine Im drunk,ğŸ˜˜,4,positive
5420,alrighty well Ik a lot about her and I still love her  httpstcotoGzjb07hx,ğŸ˜‚,4,positive
5423,garciagbianca I love Liam,ğŸ˜­,-4,positive
5434,RT FhaPUNARAI I love it thank you JUST_HANBIN 19951221_com httpstcoC4beiWPS0y,ğŸ˜†,1,positive
5435,nhashx6 I love you so much I cant breathe,ï¸ ğŸ˜­,-4,positive
5461,RT Geministar06 Aigooooo Perfect 6002 sooooo LOVE ë°•ìœ ì²œ StandbyParkYuchun httpstcoChYPlMp7pw,ğŸ˜˜,4,positive
5517,Jessy7Ochoa _yulissamendez  love you too papas,ğŸ˜˜ ğŸ˜­,0,positive
5530,AriannaDantone hi u beautiful human love you thank you,ï¸,0,positive
5545,Lesdoggg I love you Your awesome,ğŸ˜»,4,positive
5558,Americans love wars then bitch about Islam all day like pussies  httpstcooGNmG2rn3r,ğŸ˜›,1,positive
5585,RT omgAdamSaleh ADOOMYGANG Ill see you all tomorrow I have so much to do and my aunt is making it crazy  I love you  see you tmrw,ğŸ˜˜ ğŸ˜‚,8,positive
5592,Eee I love my tattoo,ğŸ˜Š,3,positive
5598,RT Kvngxxx_ Talk is cheap If you like me  tell me If you miss me  show me If you love me  prove it,ï¸,0,positive
5603,RT lillyreyes99 salice_roseee momma biscuit I love you so so so much it was worth the wait to have a hug from you httpstcoxKW,ğŸ˜ ğŸ˜­,0,positive
5618,RT thyWNTneemoney I love cuddling really the best feeling,ğŸ˜,4,positive
5644,RT immharvic I love the card  KBHuaweiRoadshow  httpstcoIHjEi50Kmt,ğŸ˜,4,positive
5651,Same here boo httpstcoRItKhDc2Lu,ï¸,0,positive
5671,_monster63 I love you,ï¸,0,positive
5674,pluralistics thk love this guys amp this monent,ğŸ˜,4,positive
5685,LeafyIsHere I love yooou  httpstco6njlbXjLmV,ï¸,0,positive
5688,imaginingdolans done lovesorry butplss  can you give the free follows to TaySchmidtSel1D plss baby  Thank You,â˜º,0,positive
5731,pvnkpvssy i love you  httpstcopMR6UA856l,ğŸ˜,-1,positive
5743,I love you and I will never stop doing httpstcoPzIYMfnXQN,ğŸ˜,4,positive
5745,HBD to my BffGf for life I love you so much miss you so much and I better see you tomorrow  httpstcoDz2TPmhn5I,ï¸ ğŸ˜š,3,positive
5747,RT evelynr_99 I love how Gen doesnt give a fuck,ğŸ˜‚  ï¸,4,positive
5753,These came out beautiful Roach I love it  httpstcojCujHhxXPO,ğŸ˜,4,positive
5763,RT olivia_malek Katelynskupnyy i love you so much,ğŸ˜­,-4,positive
5764,RT frankmachinski Happy birthday buddy love ya  sarspitzer httpstcolxANeqmT7N,ï¸,0,positive
5765,RT Kvngxxx_ That  Call me in the middle of the night amp tell me you cant sleep without me  type of love,ï¸ ğŸ˜©,-2,positive
5768,6YearsOfOneDirection I love my boys  httpstcoRUNB8Q3ws0,ğŸ˜˜,4,positive
5788,Dang Man Just Got Frustrated Love My Big Brother Man,ğŸ˜”,-1,positive
5790,I love the random 3am calls just to know hes thinking of me,ğŸ˜Œ,3,positive
5811,I love how she gets all embarrassed  httpstcomIoWlaZ7EI,ï¸,0,positive
5815,Thanks love  You toooo httpstcomqq74rnI4u,ğŸ˜½,3,positive
5836,RT rosaaloveeee daisyywaisy like her Tia  yes let me know when youre free I love you,ï¸ ğŸ˜­,-4,positive
5866,RT Gleek_1897 I LOVE THIS FAMILY SO MUCH  mishacollins httpstcoOe0cDgnpP7,ğŸ˜,4,positive
5870,RT annakate_evans rylee_branham  you love me and thats all that matters,ğŸ˜‚,4,positive
5879,Afraid is also one of my favs from the I Love You album I miss the 2012 The Neighbourhood so much,ğŸ˜©,-2,positive
5882,Happy birthday to my home girl ktclarkkkk  miss you and love you to the moon amp back  httpstcodLC1gnuPnU,ğŸ˜ ï¸,4,positive
5883,paulwesley happy birthday to my favorite vampire and actor  I love you so muchhh,ï¸,0,positive
5891,RT 5SOSPHOfficial And we thankyou for helping  TheColorCloud2016 httpstco7HeZHJlS3R,ï¸,0,neutral
5893,RT kearafarley Happy 17th sis hope Italy is treatin ya well miss you amp our fights love you  sarspitzer httpstcot6Kin05txW,ï¸ ğŸ¤—,4,positive
5897,6YearsOfOneDirection Love these boys forevs  httpstco1ZFbOjusI4,ï¸,0,positive
5912,soohyun having a crisis washing her face and chanhyuk trying to expose her has me deceased I love them,ğŸ˜‚,4,positive
5917,RT krys_pics RT if you love fx   httpstcoSKa7N6P3y8,ï¸,0,positive
5931,RT allure_essence I love my relationship  even on the worst days  wouldnt trade it for the world,ğŸ˜Œ ğŸ˜­,-1,positive
5935,Have a lovely weekend best person  even we cant wait for our time together 2morrowAskVikram24thJuly9pm LOVE U httpstcoejD3WToyRy,ğŸ˜ â˜º ğŸ˜‘,4,positive
5938,RT damnitstrue I LOVE THIS   httpstcoYtbs2G9iUP,ğŸ˜‚ ğŸ˜­,0,positive
5967,Irina_Vukolova  And we go to live in France 12 km from Paris It is NOT a joke My love Im NOT kidding,ğŸ˜‘  ğŸ˜˜ ğŸ˜ƒ,7,positive
5970,Bes i love you ah Ricci09rivero,ğŸ˜‚ ï¸ â˜º,4,positive
5974,Love the fact that shes always in a happy mood httpstcojSFfF2U8dq,ğŸ˜‹ ğŸ˜‚,8,positive
5990,Lolsomizi just love humiliating these poor souls yazi MaraNjabulo sees himself in the Top10 IdolsSA,ğŸ˜‚ ğŸ˜² ğŸ˜±,3,positive
6018,niquueeeey lol Im sorry doll It wasnt on purpose I hope you still love me See you tomorrow,ï¸ â˜º ğŸ˜‘  ğŸ˜˜,4,positive
6020,RT harryaIright zayndruugs love you moreeee httpstcoZsc3y5xryy,ğŸ˜,4,positive
6021,RT valerierosec13 6YearsOfOneDirection i have so much love for these amazing boys,ï¸,0,positive
6030,RT MissCGiggles Dorks The biggest Dorks but I love it  httpstcoIvX1SStPQ6,ğŸ˜Š,3,positive
6053,Mayaveli I love fluffy ass lashes so if anybody has some recommendations lmk,ğŸ˜,-1,positive
6055,RT lucylu7774 armonie2014 good morning my beautiful girl  hope you are good  love you my beautiful friend  httpstcov0WJltjK15,ğŸ˜˜ ğŸ˜,8,positive
6070,RT LeslieeRojass Love love love my man,ğŸ˜›,1,positive
6115,gemmaisagnome I told you I prepared I love you too and youre welcome enjoy your birthday,ğŸ˜˜,4,positive
6119,6YearsOfOneDirection https,ï¸,0,positive
6124,kaitlynnwinn cherlizzzle Bunnyn_n love yall squared,ğŸ˜˜,4,positive
6129,In Auntie Pams words youre breathing like a lesbian God gotta love Res auntie,ğŸ˜‚,4,positive
6132,RT Viviana92372018 Already 6 years i will never be able to thank the boys for what they do i love them so much 6YearsOfOneDirection htt,ğŸ˜–,-2,positive
6134,RT ab_bowen07 I love this girl OliviaDBuck  such an amazing birthday meal mine,ï¸,0,positive
6135,RT Manderz_24 Hello help me Im crying I love FGL help omg,ğŸ˜­,-4,positive
6174,RT luanakerley1 they are so talented beautiful amazing  love you so much MeetTheJanes ListenTheJanes httpstcoDOouingiA5,ğŸ˜,4,positive
6183,aleyarath thanks love,ğŸ˜Š,3,positive
6188,This girl is so crazy I love it  httpstcoq9pHk1Eabs,ğŸ˜‚ ğŸ˜­,0,positive
6190,RT just_monicaa Same here boo httpstcoRItKhDc2Lu,ï¸,0,neutral
6204,RT shahistasheikh2 Absolutely right He is a supermanlove kapil  httpstcoYurivhmJpp,ğŸ˜˜,4,neutral
6209,dreamygirl_89 justinbieber oh youre in love  lol  btw what youre thinking about changing the fonts of bio,ğŸ˜ ğŸ˜² ğŸ˜‘,7,positive
6210,ahhhreekahhh I love you tho,ğŸ˜˜,4,positive
6216,Happy belated birthday to my mate Tombladen22 sorry its late my love,ğŸ˜˜,4,positive
6239,Oh its amazing  httpstcobNmUgf77EK,ğŸ˜»,4,positive
6251,Indeed the best section EVAHHH I still love you all even if you guys are so weird as balls 7A St Joseph Marchand httpstcouw7x4AeOZC,ğŸ˜‚,4,positive
6265,RT jadaishcomer I love doing shootswith my baby httpstcoUZXYHPaXPI,ï¸,0,positive
6268,ilovang6el01_ thats all youll ever need girl I love not wearing bras,ğŸ˜‚,4,positive
6269,kiyara_brownie i love you sm  thank you,ğŸ˜» ğŸ˜­,0,positive
6291,RT positivenjhx Heres a note to my directioner family I really cant explain how much I love you guys  1DsPromiseWillNotBeBroken http,ğŸ˜š,3,positive
6307,I be singing my heart out httpstcotMSxgeKpaz,ğŸ˜‚ ğŸ˜,8,positive
6317,Cant believe its been 6 years Thank you for everything I love you guys beyond words 6yearsof1D onedirection httpstcoGVOsVrZxHp,ï¸,0,positive
6321,DobreLucas I love you bae,ğŸ˜‚,4,positive
6326,tristanmcintosh I love those docs,ğŸ˜˜ ï¸,4,positive
6327,happy birthday bradley love ya bro,ï¸,0,positive
6329,RT PriscillaGuhhh Would love to have a Harry Potter movie marathon night with my favorite snacks,ï¸,0,positive
6353,HAPPY BIRTHDAY KUYA I LOVE YOU SO MUCH BRUH THANK YOU FOR EVERYTHING AND AYE TU FOR A YOUNGIN httpstcowpbRAnTkk2,ğŸ˜ˆ ï¸,-4,positive
6355,RT _kpaige19 xo_revajusteen you thought I was running to go hug you but told you to move out the way  much love,ğŸ˜‚ ï¸,4,positive
6367,RT MattieValentine Hey America its been sick as usualWont be seeing yall for a while now so thank for everything love you all  h,ï¸,0,positive
6375,6YearsOfOneDirection httpstcopHPtLKAGLs,ğŸ˜‚ ï¸,4,positive
6380,Im with it  httpstcoeaUcdSs1fh,ğŸ˜,4,positive
6384,Love passion of my Life  httpstconvBzSJUO8E,ğŸ˜»,4,positive
6395,Im starting to love Ariana Grande,ğŸ˜˜ ğŸ˜,8,positive
6408,RT nataliexxstyles 6YearsOfOneDirection thank you for making me happy all these years I love you with all my heart Til the end boys  h,ï¸,0,positive
6410,RT dmfNY Love all the pics weve gotten from SDCC so far but this ones my favorite Love seeing our boys together  J2  httpstco,ğŸ˜Š,3,positive
6415,me amp suheily are watching The Lovely Bones together while video chatting i swear i love her,ğŸ˜‚,4,positive
6418,6YearsOfOneDirection onedirection I love you with all of my heart you mean the world to me,ï¸,0,positive
6419,RT TylerTrinca Happy birthday you little brat I love you   KaitlynnTrinca,ï¸,0,positive
6437,RT _ShayThaG I Love Sleeping With No Clothes On,â˜º ï¸ ğŸ˜©,-2,positive
6450,BurrowandHide hearing you on heartradio right now Love it So proud,ğŸ˜™,3,positive
6463,__queencass happy birthday bitch  fuck shi up  love you boo,ğŸ˜ˆ,-4,positive
6465,iamchocolate__ terriad_ dakiya_  love you too,ğŸ˜˜ ğŸ˜Š,7,positive
6475,Too much heart break story,ğŸ˜¹,4,positive
6476,love you babe  httpstcoYZe7cqyxhm,ğŸ˜˜,4,positive
6486,but first photoshop a charlena one amp Ill love you forever httpstcom5KrymJQac,ğŸ˜‚,4,positive
6525,onedirection wow three years its incredible  love you guys,ğŸ˜¢,-2,positive
6526,itsthepoo happy 22nd birthday beautiful girl Sending you so much love happiness and best wishes all the way from Australia,ï¸,0,positive
6527,I choose to love juncola,ğŸ˜Š,3,positive
6531,I love constant attention like yesss love me tell me im pretty,ğŸ˜,4,positive
6536,I just love Tiger Shiva  TWD TWDSeason7Trailer TheWalkingDead httpstcoQ99H6dXzEc,ğŸ˜,4,positive
6540,RT Mamabiscuiitt This is the cutest thing Ive seen today omfg shes so cute with kids see even babies love her salice_roseee  https,ğŸ˜  ğŸ˜©,2,positive
6557,where did these come from but thank u I love you httpstcoMwNbOkmPPP,ğŸ˜Ÿ,-4,positive
6569,RT LaurenJauregui Babiessss Im seeing all your trends and I love youu so so much,ï¸ â˜º,0,positive
6576,Id love to age like my mom,ğŸ˜  ğŸ˜¥,3,positive
6581,No way U still a baby Lol Love you my queen  httpstcoynfmrKbwLe,ğŸ˜ ğŸ˜­,0,positive
6615,aubaaayy bc I love it so much,ï¸ ğŸ˜©,-2,positive
6622,m_ariah_m,ğŸ˜,4,positive
6627,RT sugg_lee9194 Love them  httpstcorJabOe9z6q,ï¸,0,positive
6673,6 years of falling in love with 5 dorky boys and not being able to find a boyfriend  6YearsOfOneDirection httpstcotx2rt2A75a,ğŸ˜‚,4,positive
6678,RT Chandra1Vinod dilruba_lees  Please enjoy weekend  The way you wish  peace smile and love  Yui have big heart  htt,ğŸ˜Š ï¸,3,positive
6683,kvmya_ I love me too,ğŸ˜˜,4,positive
6704,If you on twitter rn and you love sex let me get a hell yeah,ğŸ˜‚,4,positive
6714,Happy 18th birthday jaylabaco thanks for always being there for me amp teaching me about cars love ya lots  httpstcoKLgGVgWqa6,ï¸ ğŸ˜Œ,3,positive
6730,MajorThrowback AshvikianForever NB6Memories httpstcot7ErqKZUTE,ğŸ˜ ğŸ˜‚,8,positive
6733,HOW CAN I LOVE WHEN IM AFRAID TO FALL,ğŸ˜ª  ğŸ˜¶,0,positive
6734,evelynr_99 I love it too,ğŸ˜‚ ï¸,4,positive
6739,RT thaniarojas_ Happy Birthday to my OG Sandia I love you so much girl  Have good one turnup  httpstcoOM6FP3qw7b,ğŸ˜‰ ğŸ˜Š ï¸,7,positive
6741,jessicaalopez2_ Love you,ğŸ˜Š,3,positive
6744,From this day I fell in love with my X Factor faves and today they are 6 Gosh  My boys have all grown up 6YearsOfOneDirection,ğŸ˜­,-4,positive
6770,RT TheReivinRein TimothyOca happy birthday my one amp only priti Enjoy ur day Its ur lucky day  hahaha mwa love you,ğŸ˜˜ ï¸,4,positive
6788,RT eternallyixing YIXING GRINDING AGAINST THE CANE DURING ltARITIFICIAL LOVEgt  HES SO SEXY AND HOT OH GOD SOMEONE STOP HIM  https,ğŸ˜©,-2,positive
6837,RT mixxed_babyyy If I say I love you I mean it,ï¸,0,positive
